2026-05-05_17-23-43,0,draft.go:2026-05-05_17-23-43
2026-05-05_17-47-26,0,draft.go:2026-05-05_17-47-26
2026-05-05_17-47-28,0,draft.go:2026-05-05_17-47-26
2026-05-05_17-47-54,0,draft.go:2026-05-05_17-47-54
2026-05-05_17-49-19,0,draft.go:2026-05-05_17-49-19
2026-05-05_17-49-29,0,draft.go:2026-05-05_17-49-29
2026-05-05_17-50-10,66,draft.go:2026-05-05_17-50-10
2026-05-05_17-50-16,0,draft.go:2026-05-05_17-50-16
2026-05-05_17-50-18,---,draft.go:2026-05-05_17-50-16
2026-05-05_17-50-38,66,draft.go:2026-05-05_17-50-38
2026-05-05_17-50-40,66,draft.go:2026-05-05_17-50-38
2026-05-05_17-52-20,66,draft.go:2026-05-05_17-52-20
2026-05-05_17-52-23,---,draft.go:2026-05-05_17-52-20
2026-05-05_17-53-15,0,draft.go:2026-05-05_17-53-15
2026-05-05_17-53-28,66,draft.go:2026-05-05_17-53-28
2026-05-05_17-55-10,---,draft.go:2026-05-05_17-55-10
2026-05-05_17-56-37,100,draft.go:2026-05-05_17-56-37
