2026-03-31_17-03-51,0,draft.go:2026-03-31_17-03-51
2026-03-31_17-19-01,0,draft.go:2026-03-31_17-19-01
2026-03-31_17-19-03,0,draft.go:2026-03-31_17-19-01
2026-03-31_17-19-04,0,draft.go:2026-03-31_17-19-01
2026-03-31_17-19-25,0,draft.go:2026-03-31_17-19-25
2026-03-31_17-19-26,0,draft.go:2026-03-31_17-19-25
2026-03-31_17-20-56,0,draft.go:2026-03-31_17-20-56
2026-03-31_17-21-54,0,draft.go:2026-03-31_17-21-54
2026-03-31_17-21-55,0,draft.go:2026-03-31_17-21-54
2026-03-31_17-22-54,0,draft.go:2026-03-31_17-22-54
2026-03-31_17-23-01,---,draft.go:2026-03-31_17-23-01
2026-03-31_17-24-12,50,draft.go:2026-03-31_17-24-12
2026-03-31_17-24-13,50,draft.go:2026-03-31_17-24-12
2026-03-31_17-25-10,80,draft.go:2026-03-31_17-25-10
2026-03-31_17-27-14,100,draft.go:2026-03-31_17-27-14
