2026-03-31_17-29-20,0,draft.go:2026-03-31_17-29-20
2026-03-31_17-44-36,37,draft.go:2026-03-31_17-44-36
2026-03-31_17-44-37,37,draft.go:2026-03-31_17-44-36
2026-03-31_17-45-16,37,draft.go:2026-03-31_17-44-36
2026-03-31_17-45-23,37,draft.go:2026-03-31_17-44-36
2026-03-31_17-45-41,37,draft.go:2026-03-31_17-45-41
2026-03-31_17-45-41,37,draft.go:2026-03-31_17-45-41
2026-03-31_17-45-42,37,draft.go:2026-03-31_17-45-42
2026-03-31_17-45-49,37,draft.go:2026-03-31_17-45-49
2026-03-31_17-46-20,100,draft.go:2026-03-31_17-46-20
2026-03-31_17-46-36,---,draft.go:2026-03-31_17-46-20
2026-03-31_17-50-28,100,draft.go:2026-03-31_17-46-20
2026-03-31_17-50-29,100,draft.go:2026-03-31_17-46-20
