2026-03-10_23-42-45,0,draft.go:2026-03-10_23-42-45
2026-03-10_23-48-47,0,draft.go:2026-03-10_23-48-47
2026-03-10_23-52-52,0,draft.go:2026-03-10_23-52-52
2026-03-11_00-00-41,100,draft.go:2026-03-11_00-00-41
2026-03-11_00-02-45,100,draft.go:2026-03-11_00-00-41
2026-03-11_00-02-47,100,draft.go:2026-03-11_00-00-41
2026-03-11_00-02-47,100,draft.go:2026-03-11_00-00-41
2026-03-11_00-02-47,100,draft.go:2026-03-11_00-00-41
2026-03-11_00-02-48,100,draft.go:2026-03-11_00-00-41
2026-03-11_00-02-48,100,draft.go:2026-03-11_00-00-41
2026-03-11_00-02-48,100,draft.go:2026-03-11_00-00-41
2026-03-11_00-02-49,100,draft.go:2026-03-11_00-00-41
2026-03-11_00-02-49,100,draft.go:2026-03-11_00-00-41
2026-03-11_00-02-49,100,draft.go:2026-03-11_00-00-41
2026-03-11_00-02-50,100,draft.go:2026-03-11_00-00-41
2026-03-11_00-02-50,100,draft.go:2026-03-11_00-00-41
2026-03-11_00-02-50,100,draft.go:2026-03-11_00-00-41
2026-03-11_00-02-51,100,draft.go:2026-03-11_00-00-41
2026-03-11_00-02-51,100,draft.go:2026-03-11_00-00-41
2026-03-11_00-02-51,100,draft.go:2026-03-11_00-00-41
2026-03-11_00-02-52,100,draft.go:2026-03-11_00-00-41
