2026-03-10_17-15-15,0,draft.go:2026-03-10_17-15-15
2026-03-10_17-15-50,0,draft.go:2026-03-10_17-15-50
2026-03-10_17-21-13,0,draft.go:2026-03-10_17-15-50
2026-03-10_17-25-26,0,draft.go:2026-03-10_17-25-26
2026-03-10_17-26-56,0,draft.go:2026-03-10_17-26-56
2026-03-10_17-29-38,---,draft.go:2026-03-10_17-29-38
2026-03-10_17-32-20,---,draft.go:2026-03-10_17-32-20
2026-03-10_17-33-04,0,draft.go:2026-03-10_17-32-20
2026-03-10_17-33-04,0,draft.go:2026-03-10_17-32-20
2026-03-10_17-33-04,0,draft.go:2026-03-10_17-32-20
2026-03-10_17-33-05,0,draft.go:2026-03-10_17-32-20
2026-03-10_17-33-05,0,draft.go:2026-03-10_17-32-20
2026-03-10_17-39-55,0,draft.go:2026-03-10_17-39-55
2026-03-10_17-39-59,0,draft.go:2026-03-10_17-39-55
2026-03-10_17-39-59,0,draft.go:2026-03-10_17-39-55
2026-03-10_17-40-00,0,draft.go:2026-03-10_17-39-55
2026-03-10_17-40-00,0,draft.go:2026-03-10_17-39-55
2026-03-10_17-40-00,0,draft.go:2026-03-10_17-39-55
2026-03-10_17-40-01,0,draft.go:2026-03-10_17-39-55
2026-03-10_17-40-01,0,draft.go:2026-03-10_17-39-55
2026-03-10_17-40-01,0,draft.go:2026-03-10_17-39-55
2026-03-10_17-40-01,0,draft.go:2026-03-10_17-39-55
2026-03-10_17-40-02,0,draft.go:2026-03-10_17-39-55
2026-03-10_17-40-02,0,draft.go:2026-03-10_17-39-55
2026-03-10_17-40-02,0,draft.go:2026-03-10_17-39-55
2026-03-10_17-40-03,0,draft.go:2026-03-10_17-39-55
2026-03-10_17-40-03,0,draft.go:2026-03-10_17-39-55
2026-03-10_17-42-54,0,draft.go:2026-03-10_17-42-54
2026-03-10_17-42-57,0,draft.go:2026-03-10_17-42-54
2026-03-10_17-42-58,0,draft.go:2026-03-10_17-42-54
2026-03-10_17-43-03,0,draft.go:2026-03-10_17-42-54
2026-03-10_17-44-25,0,draft.go:2026-03-10_17-44-25
2026-03-10_17-53-10,0,draft.go:2026-03-10_17-53-10
2026-03-10_17-53-15,---,draft.go:2026-03-10_17-53-10
2026-03-10_17-54-29,0,draft.go:2026-03-10_17-53-10
2026-03-10_17-54-41,0,draft.go:2026-03-10_17-53-10
2026-03-10_17-54-42,0,draft.go:2026-03-10_17-53-10
2026-03-10_17-54-42,0,draft.go:2026-03-10_17-53-10
2026-03-10_17-54-43,0,draft.go:2026-03-10_17-53-10
2026-03-10_17-54-43,0,draft.go:2026-03-10_17-53-10
2026-03-10_17-54-43,0,draft.go:2026-03-10_17-53-10
2026-03-10_17-54-44,0,draft.go:2026-03-10_17-53-10
2026-03-10_17-54-50,0,draft.go:2026-03-10_17-53-10
2026-03-10_17-54-51,0,draft.go:2026-03-10_17-53-10
2026-03-10_17-54-51,0,draft.go:2026-03-10_17-53-10
2026-03-10_17-54-51,0,draft.go:2026-03-10_17-53-10
2026-03-10_17-54-51,0,draft.go:2026-03-10_17-53-10
2026-03-10_17-54-52,0,draft.go:2026-03-10_17-53-10
2026-03-10_17-54-56,0,draft.go:2026-03-10_17-53-10
2026-03-10_17-54-57,0,draft.go:2026-03-10_17-53-10
2026-03-10_17-54-57,0,draft.go:2026-03-10_17-53-10
2026-03-10_17-54-58,0,draft.go:2026-03-10_17-53-10
2026-03-10_17-54-58,0,draft.go:2026-03-10_17-53-10
2026-03-10_17-54-59,0,draft.go:2026-03-10_17-53-10
2026-03-10_17-54-59,0,draft.go:2026-03-10_17-53-10
2026-03-10_17-55-00,0,draft.go:2026-03-10_17-53-10
2026-03-10_17-55-04,---,draft.go:2026-03-10_17-53-10
