2026-04-07_17-03-23,0,draft.go:2026-04-07_17-03-23
2026-04-07_17-47-36,0,draft.go:2026-04-07_17-47-36
2026-04-07_17-47-37,0,draft.go:2026-04-07_17-47-36
2026-04-07_17-47-41,0,draft.go:2026-04-07_17-47-41
2026-04-07_17-47-43,0,draft.go:2026-04-07_17-47-41
2026-04-07_17-48-09,0,draft.go:2026-04-07_17-48-09
2026-04-07_17-48-10,0,draft.go:2026-04-07_17-48-10
2026-04-07_17-48-15,0,draft.go:2026-04-07_17-48-15
2026-04-07_17-48-27,0,draft.go:2026-04-07_17-48-15
2026-04-07_17-48-29,0,draft.go:2026-04-07_17-48-15
2026-04-07_17-48-29,0,draft.go:2026-04-07_17-48-15
2026-04-07_17-48-30,---,draft.go:2026-04-07_17-48-15
2026-04-07_17-49-08,0,draft.go:2026-04-07_17-48-15
2026-04-07_17-49-08,0,draft.go:2026-04-07_17-48-15
2026-04-07_17-49-08,0,draft.go:2026-04-07_17-48-15
2026-04-07_17-49-09,0,draft.go:2026-04-07_17-48-15
2026-04-07_17-49-09,0,draft.go:2026-04-07_17-48-15
2026-04-07_17-49-43,0,draft.go:2026-04-07_17-49-43
2026-04-07_17-49-48,0,draft.go:2026-04-07_17-49-43
2026-04-07_17-49-48,0,draft.go:2026-04-07_17-49-48
2026-04-07_17-49-53,0,draft.go:2026-04-07_17-49-53
2026-04-07_17-50-36,100,draft.go:2026-04-07_17-50-36
2026-04-07_17-58-57,---,draft.go:2026-04-07_17-50-36
2026-04-07_17-59-21,100,draft.go:2026-04-07_17-50-36
2026-04-07_17-59-22,100,draft.go:2026-04-07_17-50-36
