2026-03-10_18-04-31,0,draft.go:2026-03-10_18-04-31
2026-03-10_18-06-57,0,draft.go:2026-03-10_18-04-31
2026-03-10_18-07-25,0,draft.go:2026-03-10_18-04-31
2026-03-10_18-08-37,0,draft.go:2026-03-10_18-04-31
2026-03-10_18-08-42,0,draft.go:2026-03-10_18-04-31
2026-03-10_18-09-23,0,draft.go:2026-03-10_18-04-31
2026-03-10_18-09-29,0,draft.go:2026-03-10_18-04-31
2026-03-10_18-09-34,0,draft.go:2026-03-10_18-04-31
2026-03-10_18-13-04,---,draft.go:2026-03-10_18-13-04
2026-03-10_18-14-19,0,draft.go:2026-03-10_18-14-19
2026-03-10_18-14-21,0,draft.go:2026-03-10_18-14-19
2026-03-10_18-14-22,0,draft.go:2026-03-10_18-14-19
2026-03-10_18-14-23,---,draft.go:2026-03-10_18-14-19
2026-03-10_18-16-41,100,draft.go:2026-03-10_18-16-41
